"Statistic","Value"
"gs",0.890573872387812
"met",0.786100298595715
"melody",0.932772960830327
"rhythm",0.91484465619493
